* 题型,* 题干,小题题型,小题题干,正确答案,答案解析,分值,难度系数,知识点,标签,选项数,选项,,,,,,,,,,,,,,,,,,,,,,,,,,,,,,,,,,,,,,,,,,,,,,,,,
,,,,,,,,,,,A,B,C,D,E,F,G,H,I,J,K,L,M,N,O,P,Q,R,S,T,U,V,W,X,Y,Z,a,b,c,d,e,f,g,h,i,j,k,l,m,n,o,p,q,r,s,t,u,v,w,x
单选题,在Vue.js 3中，以下哪个属于内置指令？,,,B,在Vue.js 3中有很多内置指令，v - bind是其中之一，用于动态绑定一个或多个属性。而v - myDirective、v - custom、v - newDirective 都不属于内置指令，通常自定义指令会以v - 开头来命名，这些更像是用户自定义的指令 。所以正确答案是v - bind。,1,0,,,4,v - myDirective,v - bind,v - custom,v - newDirective,,,,,,,,,,,,,,,,,,,,,,,,,,,,,,,,,,,,,,,,,,,,,,
单选题,在Vue.js 3中，以下哪个是用于绑定HTML元素属性的指令？,,,B,在Vue.js 3中，`v-on`指令用于绑定DOM事件；`v-bind`指令用于绑定HTML元素的属性，比如`v-bind:src="imageSrc"`可以将`imageSrc`数据绑定到`src`属性上；`v-if`指令用于条件性地渲染一块内容；`v-for`指令用于基于一个数组来渲染一个列表。所以用于绑定HTML元素属性的指令是`v-bind`。,1,0,,,4,v-on,v-bind,v-if,v-for,,,,,,,,,,,,,,,,,,,,,,,,,,,,,,,,,,,,,,,,,,,,,,
单选题,在Vue.js 3中，以下哪个是用于条件渲染的指令？,,,C,在Vue.js 3中，`v-bind`指令主要用于绑定一个或多个特性，或者绑定一个组件 prop 到表达式；`v-on`指令用于监听 DOM 事件；`v-if`指令用于条件性地渲染一块内容，当表达式为真时才渲染；`v-for`指令用于基于一个数组来渲染一个列表。所以用于条件渲染的指令是`v-if` 。,1,0,,,4,v-bind,v-on,v-if,v-for,,,,,,,,,,,,,,,,,,,,,,,,,,,,,,,,,,,,,,,,,,,,,,
单选题,在 Vue 3 的 <script setup> 中，创建响应式数据 count 初始值为 0，应该使用以下哪个代码？,,,C,在Vue.js 3中，`reactive` 是专门用于定义响应式数据的方法。`defineProperty` 是ES5中定义对象属性的方法，Vue.js 3 不使用此方法来定义响应式数据；`Object.defineProperty` 同样是ES5的原生方法，不是Vue.js 3 定义响应式数据的首选；`watch` 是用于监听数据变化的，并非定义响应式数据的方法 。所以正确答案是 `reactive`。,1,0,,,4,const count = 0;,const count = reactive(0);,const count = ref(0);,let count = 0;,,,,,,,,,,,,,,,,,,,,,,,,,,,,,,,,,,,,,,,,,,,,,,
单选题,在 Vue 3 单文件组件中，若要使样式只作用于当前组件，应该给 <style> 标签添加什么属性？,,,A,,1,0,,,4,scoped,local,private,component,,,,,,,,,,,,,,,,,,,,,,,,,,,,,,,,,,,,,,,,,,,,,,
单选题,当在 Vue 3 模板中绑定一个元素的 src 属性时，应该使用以下哪种方式？,,,B,"
在Vue 3模板中绑定元素属性时，有特定的语法规则。

Vue 3使用一种简洁的语法来绑定数据到DOM元素的属性上。其中，:属性名 这种语法糖是用来进行动态绑定的。这种动态绑定可以让属性的值随着Vue实例中数据的变化而实时更新。
",1,0,,,4,<img src="{{ imageUrl }}">,<img :src="imageUrl">,<img v-src="imageUrl">,<img bind-src="imageUrl">,,,,,,,,,,,,,,,,,,,,,,,,,,,,,,,,,,,,,,,,,,,,,,
单选题,在 Vue 3 的 <script setup> 中，定义一个方法 handleClick，以下代码正确的是？,,,D,,1,0,,,4,"function handleClick() {
  console.log('Clicked');
}","const handleClick = function() {
  console.log('Clicked');
}","const handleClick = () => {
  console.log('Clicked');
}",以上都是,,,,,,,,,,,,,,,,,,,,,,,,,,,,,,,,,,,,,,,,,,,,,,
单选题,以下哪个函数用于在 Vue 3 中创建一个响应式对象？,,,B,"
在Vue 3中：
选项A：ref ：ref主要用于创建一个包含响应式数据的引用，它返回一个对象，对象内部有一个.value属性来访问和修改这个响应式数据。例如const count = ref(0)，使用时要通过count.value来操作数据 ，它不是直接创建一个响应式对象。
选项B：reactive ：reactive函数专门用于创建一个响应式对象。它接收一个普通对象作为参数，并返回一个代理对象，这个代理对象是响应式的，对该对象属性的任何修改都会触发Vue的响应式更新机制。例如const state = reactive({ name: '张三', age: 20 })，直接就创建了一个响应式对象，所以选项B是正确的。
选项C：computed ：computed用于创建一个计算属性，它接收一个函数（返回一个值）或者一个包含getter和setter函数的对象。计算属性的值是基于其他响应式数据计算出来的，不是用于创建响应式对象。例如const fullName = computed(() => state.firstName + ' ' + state.lastName)。
选项D：component ：component在Vue中主要用于定义、注册和使用组件，和创建响应式对象没有关系。它帮助将一个应用拆分成多个独立的、可复用的组件，每个组件都有自己的逻辑和模板。
所以，用于在Vue 3中创建一个响应式对象的函数是reactive，答案选B是正确的。",1,0,,,4,ref,reactive,computed,component,,,,,,,,,,,,,,,,,,,,,,,,,,,,,,,,,,,,,,,,,,,,,,
单选题,在 Vue 3 模板中，使用双大括号 {{ }} 进行插值时，双大括号内可以放置？,,,A,"
在Vue 3模板中，双大括号 {{ }} 进行插值时，双大括号内可以放置任意JavaScript表达式。
背景知识：Vue的插值语法是一种在模板中嵌入动态数据的方式。JavaScript表达式是可以被JavaScript引擎求值的代码片段，它可以包含变量、运算符、函数调用等。",1,0,,,4,任意 JavaScript 表达式,只能是变量名,只能是函数调用,只能是字符串,,,,,,,,,,,,,,,,,,,,,,,,,,,,,,,,,,,,,,,,,,,,,,
单选题,在 Vue 3 中，若要循环渲染一个数组 items 并显示每个元素的 name 属性，以下模板代码正确的是？,,,D,"
在Vue 3中，v-for指令用于循环渲染元素。它有多种语法形式：
“in” 语法：v-for=""item in items""这种写法是常见的遍历数组的方式，item 会依次代表数组 items 中的每一个元素，所以<li v-for=""item in items"">{{ item.name }}</li> 能够正确地遍历 items 数组并显示每个元素的 name 属性。
“of” 语法：v-for=""item of items"" 这种写法和 “in” 语法效果是一样的 ，在JavaScript中，of 也常用于遍历可迭代对象，包括数组。在Vue 3里这种写法同样可以正确遍历数组 items 并显示每个元素的 name 属性 ，即<li v-for=""item of items"">{{ item.name }}</li> 也是可行的。
带索引的 “in” 语法：v-for=""(item, index) in items"" 这里不仅可以获取数组 items 中的每一个元素 item，还能获取当前元素的索引 index。即使这里我们没有用到 index，但依然可以通过 item 来获取每个元素的 name 属性，也就是<li v-for=""(item, index) in items"">{{ item.name }}</li> 同样能正确实现需求。
综上所述，选项A、B、C的代码都能实现循环渲染数组 items 并显示每个元素的 name 属性，所以正确答案是D 。",1,0,,,4,"<template>
  <ul>
    <li v-for=""item in items"">{{ item.name }}</li>
  </ul>
</template>","<template>
  <ul>
    <li v-for=""item of items"">{{ item.name }}</li>
  </ul>
</template>","<template>
  <ul>
    <li v-for=""(item, index) in items"">{{ item.name }}</li>
  </ul>
</template>",以上代码都可以,,,,,,,,,,,,,,,,,,,,,,,,,,,,,,,,,,,,,,,,,,,,,,
单选题,以下关于计算属性的说法正确的是？,,,C,计算属性是基于响应式依赖进行缓存的，只有当依赖的响应式数据发生变化时才会重新计算，而不是每次渲染都重新计算，所以 C 正确，D 错误；计算属性可以通过 getter 和 setter 实现读写操作，并非只能只读，B 错误；计算属性和 watch 是不同的概念，计算属性不需要用 watch 来实现，A 错误。,1,0,,,4,计算属性必须使用 watch 来实现。 ,计算属性只能是只读的，不能进行赋值操作。 ,计算属性会根据其依赖的响应式数据自动更新。,计算属性在每次渲染时都会重新计算。,,,,,,,,,,,,,,,,,,,,,,,,,,,,,,,,,,,,,,,,,,,,,,
填空题,"<template>   
  <div></div> 
</template>  
<script setup> 
  import { ref, computed } from 'vue'; 
  const firstName = ref('John'); 
  const lastName = ref('Doe'); 
  const fullName = computed(() => `${firstName.value} ${lastName.value}`); 
</script>
上面代码中计算属性 fullName 的值是____",,,完全匹配，有序匹配,,2,0,,,1,John Doe,,,,,,,,,,,,,,,,,,,,,,,,,,,,,,,,,,,,,,,,,,,,,,,,,
单选题,计算属性和侦听器的主要区别是?,,,B,计算属性是基于响应式依赖进行缓存的，只有依赖变化时才重新计算，主要用于根据已有数据计算出新的值；而侦听器主要用于在响应式数据发生变化时执行一些副作用操作，如发送网络请求、修改  DOM 等，B 正确；计算属性和侦听器都可以处理复杂或简单逻辑，A 错误；计算属性和侦听器在模板和脚本中都可以使用，C  错误；计算属性一般是同步计算，不适合异步操作，侦听器可以进行异步操作，D 错误。,1,0,,,4,计算属性用于处理复杂逻辑，侦听器只能处理简单逻辑。 ,计算属性基于依赖缓存，侦听器用于在数据变化时执行副作用。,计算属性只能在模板中使用，侦听器只能在脚本中使用。 ,计算属性可以有异步操作，侦听器只能是同步操作。,,,,,,,,,,,,,,,,,,,,,,,,,,,,,,,,,,,,,,,,,,,,,,
单选题,以下关于计算属性的 setter 说法正确的是?,,,B,计算属性可以通过 getter 和 setter 实现读写操作，setter 通常用于当对计算属性赋值时，更新其依赖的响应式数据，B 正确，A 错误；setter 只有在对计算属性进行赋值操作时才会被调用，C 错误；setter 一般用于更新依赖数据，而不是返回值作为计算属性的新值，D 错误。,1,0,,,4,计算属性不能有 setter，只能有 getter。 ,setter 用于在计算属性被赋值时更新其依赖的响应式数据。,setter 可以在任何时候被调用，与计算属性是否被赋值无关。 ,setter 的返回值会作为计算属性的新值。,,,,,,,,,,,,,,,,,,,,,,,,,,,,,,,,,,,,,,,,,,,,,,
